,Food group,Group, Baseline,Value,CF,DALY
0,Bread_rye,1.0,64.3214138169407,107.1,0.0,0.0
1,Bread_wheat_coarse,1.0,34.3722328092571,41.6,0.0,0.0
2,Bread_wheat_fine,1.0,51.3582512086115,61.0,0.0,0.0
3,Breakfastcereals,1.0,6.40876221981927,6.8,0.0,0.0
4,Discretionary_foods,1.0,57.8180503622414,46.7,0.0,0.0
5,Flour_kernels,1.0,24.802455439947,32.2,0.0,0.0
6,Oats,1.0,14.5261640762295,18.0,0.0,0.0
7,Pasta,1.0,8.11542000546066,8.8,0.0,0.0
8,Rice,1.0,6.54718536425384,6.8,0.0,0.0
9,Cheese_fresh,2.0,6.52183371875592,6.3,0.0,0.0
10,Cheese_other,2.0,38.6973569484548,10.9,0.0,0.0
11,Dairy_fermented,2.0,30.6551698946953,30.4,0.0,0.0
12,Dairy_other,2.0,16.67,12.4,0.0,0.0
13,Milk_highfat,2.0,110.01,105.8,0.0,0.0
14,Milk_lowfat,2.0,162.81288340884,182.4,0.0,0.0
15,Fish_fatty,3.0,16.7881573230695,21.7,0.0,0.0
16,Fish_lean_highclimate,3.0,9.05882738179107,9.9,0.0,0.0
17,Fish_lean_lowmediumclimate,3.0,9.99451177443916,12.2,0.0,0.0
18,Fruit_berry,4.0,15.2527109490058,16.1,0.0,0.0
19,Fruit_citrus,4.0,19.3344139165275,20.3,0.0,0.0
20,Fruit_dried,4.0,3.20122273516868,3.3,0.0,0.0
21,Fruit_juice,4.0,59.2189094830217,60.8,0.0,0.0
22,Fruit_pome,4.0,66.9856413042249,83.3,0.0,0.0
23,Fruit_stone,4.0,15.219228949945,15.8,0.0,0.0
24,Fruit_tropical,4.0,63.6021325491428,73.3,0.0,0.0
25,Potatoes,,85.4825248197403,7.6,0.0,0.0
26,Veg_darkgreen,5.0,7.30254950863854,9.5,0.0,0.0
27,Veg_greenpeas,5.0,8.94152558223746,4.3,0.0,0.0
28,Veg_mushroom,5.0,4.18172658468809,62.6,0.0,0.0
29,Veg_other_coarse,5.0,55.937169704039,60.4,0.0,0.0
30,Veg_other_fine,5.0,55.6228442253019,40.1,0.0,0.0
31,Veg_redorange_coarse,5.0,35.6293156621765,63.2,0.0,0.0
32,Veg_redorange_fine,5.0,58.0208837176865,11.0,0.0,0.0
33,Meat_pork_offal,6.0,11.4006798762317,16.8,0.0,0.0
34,Meat_pork_processed,6.0,27.5313752689261,50.6,0.0,0.0
35,Meat_pork_raw,6.0,49.2471426639361,47.7,0.0,0.0
36,Meat_ruminant,6.0,50.515039627682,6.5,0.0,0.0
37,Nuts,7.0,6.05705976188517,0.4,0.0,0.0
38,Seeds,7.0,0.441603534023337,1.3,0.0,0.0
39,Legumes,8.0,3.06,271.7,0.0,0.0
40,Alcohol,,241.442485855727,788.0,0.0,0.0
41,Coffee_tea_cocoa,,765.994878325908,28.4,0.0,0.0
42,Egg,,24.9672535305872,5.4,0.0,0.0
43,Fat_animal,,12.2472415498424,20.5,0.0,0.0
44,Fat_plant,,28.0416328686588,32.5,0.0,0.0
45,Meat_poultry,,29.0020243924439,106.2,0.0,0.0
46,Replacer_meat_dairy,,1.20017322435697,1.2,0.0,0.0
47,Soda,,190.083267280989,197.0,0.0,0.0
48,Spices_miscellaneous,,21.8212718851534,0.0,0.0,0.0
49,Water,,1221.01509371654,1171.4,0.0,0.0
50,Bread_rye,1.0,64.3214138169407,99.8,0.25,0.0
51,Bread_wheat_coarse,1.0,34.3722328092571,45.7,0.25,0.0
52,Bread_wheat_fine,1.0,51.3582512086115,72.8,0.25,0.0
53,Breakfastcereals,1.0,6.40876221981927,6.8,0.25,0.0
54,Discretionary_foods,1.0,57.8180503622414,65.8,0.25,0.0
55,Flour_kernels,1.0,24.802455439947,35.3,0.25,0.0
56,Oats,1.0,14.5261640762295,19.4,0.25,0.0
57,Pasta,1.0,8.11542000546066,9.2,0.25,0.0
58,Rice,1.0,6.54718536425384,7.0,0.25,0.0
59,Cheese_fresh,2.0,6.52183371875592,6.2,0.25,0.0
60,Cheese_other,2.0,38.6973569484548,8.9,0.25,0.0
61,Dairy_fermented,2.0,30.6551698946953,31.2,0.25,0.0
62,Dairy_other,2.0,16.67,12.9,0.25,0.0
63,Milk_highfat,2.0,110.01,116.1,0.25,0.0
64,Milk_lowfat,2.0,162.81288340884,186.9,0.25,0.0
65,Fish_fatty,3.0,16.7881573230695,22.5,0.25,0.0
66,Fish_lean_highclimate,3.0,9.05882738179107,8.0,0.25,0.0
67,Fish_lean_lowmediumclimate,3.0,9.99451177443916,14.8,0.25,0.0
68,Fruit_berry,4.0,15.2527109490058,15.9,0.25,0.0
69,Fruit_citrus,4.0,19.3344139165275,19.9,0.25,0.0
70,Fruit_dried,4.0,3.20122273516868,3.3,0.25,0.0
71,Fruit_juice,4.0,59.2189094830217,54.1,0.25,0.0
72,Fruit_pome,4.0,66.9856413042249,77.5,0.25,0.0
73,Fruit_stone,4.0,15.219228949945,15.5,0.25,0.0
74,Fruit_tropical,4.0,63.6021325491428,63.5,0.25,0.0
75,Potatoes,,85.4825248197403,7.7,0.25,0.0
76,Veg_darkgreen,5.0,7.30254950863854,9.4,0.25,0.0
77,Veg_greenpeas,5.0,8.94152558223746,4.3,0.25,0.0
78,Veg_mushroom,5.0,4.18172658468809,59.8,0.25,0.0
79,Veg_other_coarse,5.0,55.937169704039,54.6,0.25,0.0
80,Veg_other_fine,5.0,55.6228442253019,39.3,0.25,0.0
81,Veg_redorange_coarse,5.0,35.6293156621765,55.0,0.25,0.0
82,Veg_redorange_fine,5.0,58.0208837176865,12.2,0.25,0.0
83,Meat_pork_offal,6.0,11.4006798762317,15.5,0.25,0.0
84,Meat_pork_processed,6.0,27.5313752689261,50.5,0.25,0.0
85,Meat_pork_raw,6.0,49.2471426639361,0.0,0.25,0.0
86,Meat_ruminant,6.0,50.515039627682,6.7,0.25,0.0
87,Nuts,7.0,6.05705976188517,0.4,0.25,0.0
88,Seeds,7.0,0.441603534023337,1.3,0.25,0.0
89,Legumes,8.0,3.06,195.1,0.25,0.0
90,Alcohol,,241.442485855727,513.7,0.25,0.0
91,Coffee_tea_cocoa,,765.994878325908,36.4,0.25,0.0
92,Egg,,24.9672535305872,6.3,0.25,0.0
93,Fat_animal,,12.2472415498424,20.9,0.25,0.0
94,Fat_plant,,28.0416328686588,31.6,0.25,0.0
95,Meat_poultry,,29.0020243924439,109.2,0.25,0.0
96,Replacer_meat_dairy,,1.20017322435697,1.2,0.25,0.0
97,Soda,,190.083267280989,177.6,0.25,0.0
98,Spices_miscellaneous,,21.8212718851534,0.0,0.25,0.0
99,Water,,1221.01509371654,1121.8,0.25,0.0
100,Bread_rye,1.0,64.3214138169407,111.7,0.5,0.0
101,Bread_wheat_coarse,1.0,34.3722328092571,59.1,0.5,0.0
102,Bread_wheat_fine,1.0,51.3582512086115,100.1,0.5,0.0
103,Breakfastcereals,1.0,6.40876221981927,6.7,0.5,0.0
104,Discretionary_foods,1.0,57.8180503622414,73.0,0.5,0.0
105,Flour_kernels,1.0,24.802455439947,43.2,0.5,0.0
106,Oats,1.0,14.5261640762295,27.2,0.5,0.0
107,Pasta,1.0,8.11542000546066,10.0,0.5,0.0
108,Rice,1.0,6.54718536425384,6.4,0.5,0.0
109,Cheese_fresh,2.0,6.52183371875592,4.6,0.5,0.0
110,Cheese_other,2.0,38.6973569484548,0.0,0.5,0.0
111,Dairy_fermented,2.0,30.6551698946953,33.3,0.5,0.0
112,Dairy_other,2.0,16.67,5.6,0.5,0.0
113,Milk_highfat,2.0,110.01,150.1,0.5,0.0
114,Milk_lowfat,2.0,162.81288340884,258.6,0.5,0.0
115,Fish_fatty,3.0,16.7881573230695,31.3,0.5,0.0
116,Fish_lean_highclimate,3.0,9.05882738179107,0.0,0.5,0.0
117,Fish_lean_lowmediumclimate,3.0,9.99451177443916,23.1,0.5,0.0
118,Fruit_berry,4.0,15.2527109490058,13.3,0.5,0.0
119,Fruit_citrus,4.0,19.3344139165275,18.4,0.5,0.0
120,Fruit_dried,4.0,3.20122273516868,3.4,0.5,0.0
121,Fruit_juice,4.0,59.2189094830217,13.8,0.5,0.0
122,Fruit_pome,4.0,66.9856413042249,68.0,0.5,0.0
123,Fruit_stone,4.0,15.219228949945,15.4,0.5,0.0
124,Fruit_tropical,4.0,63.6021325491428,15.2,0.5,0.0
125,Potatoes,,85.4825248197403,7.9,0.5,0.0
126,Veg_darkgreen,5.0,7.30254950863854,8.8,0.5,0.0
127,Veg_greenpeas,5.0,8.94152558223746,4.1,0.5,0.0
128,Veg_mushroom,5.0,4.18172658468809,53.3,0.5,0.0
129,Veg_other_coarse,5.0,55.937169704039,33.8,0.5,0.0
130,Veg_other_fine,5.0,55.6228442253019,46.2,0.5,0.0
131,Veg_redorange_coarse,5.0,35.6293156621765,25.3,0.5,0.0
132,Veg_redorange_fine,5.0,58.0208837176865,8.6,0.5,0.0
133,Meat_pork_offal,6.0,11.4006798762317,0.0,0.5,0.0
134,Meat_pork_processed,6.0,27.5313752689261,0.0,0.5,0.0
135,Meat_pork_raw,6.0,49.2471426639361,0.0,0.5,0.0
136,Meat_ruminant,6.0,50.515039627682,8.3,0.5,0.0
137,Nuts,7.0,6.05705976188517,0.5,0.5,0.0
138,Seeds,7.0,0.441603534023337,1.4,0.5,0.0
139,Legumes,8.0,3.06,0.0,0.5,0.0
140,Alcohol,,241.442485855727,0.0,0.5,0.0
141,Coffee_tea_cocoa,,765.994878325908,51.3,0.5,0.0
142,Egg,,24.9672535305872,0.0,0.5,0.0
143,Fat_animal,,12.2472415498424,36.9,0.5,0.0
144,Fat_plant,,28.0416328686588,0.5,0.5,0.0
145,Meat_poultry,,29.0020243924439,208.2,0.5,0.0
146,Replacer_meat_dairy,,1.20017322435697,1.2,0.5,0.0
147,Soda,,190.083267280989,0.0,0.5,0.0
148,Spices_miscellaneous,,21.8212718851534,0.0,0.5,0.0
149,Water,,1221.01509371654,1003.6,0.5,0.0
150,Bread_rye,1.0,64.3214138169407,107.1,0.0,0.25
151,Bread_wheat_coarse,1.0,34.3722328092571,41.6,0.0,0.25
152,Bread_wheat_fine,1.0,51.3582512086115,61.1,0.0,0.25
153,Breakfastcereals,1.0,6.40876221981927,6.8,0.0,0.25
154,Discretionary_foods,1.0,57.8180503622414,46.7,0.0,0.25
155,Flour_kernels,1.0,24.802455439947,32.2,0.0,0.25
156,Oats,1.0,14.5261640762295,18.0,0.0,0.25
157,Pasta,1.0,8.11542000546066,8.8,0.0,0.25
158,Rice,1.0,6.54718536425384,6.8,0.0,0.25
159,Cheese_fresh,2.0,6.52183371875592,6.3,0.0,0.25
160,Cheese_other,2.0,38.6973569484548,10.9,0.0,0.25
161,Dairy_fermented,2.0,30.6551698946953,30.4,0.0,0.25
162,Dairy_other,2.0,16.67,12.4,0.0,0.25
163,Milk_highfat,2.0,110.01,105.7,0.0,0.25
164,Milk_lowfat,2.0,162.81288340884,182.4,0.0,0.25
165,Fish_fatty,3.0,16.7881573230695,21.7,0.0,0.25
166,Fish_lean_highclimate,3.0,9.05882738179107,9.9,0.0,0.25
167,Fish_lean_lowmediumclimate,3.0,9.99451177443916,12.2,0.0,0.25
168,Fruit_berry,4.0,15.2527109490058,16.1,0.0,0.25
169,Fruit_citrus,4.0,19.3344139165275,20.3,0.0,0.25
170,Fruit_dried,4.0,3.20122273516868,3.3,0.0,0.25
171,Fruit_juice,4.0,59.2189094830217,60.8,0.0,0.25
172,Fruit_pome,4.0,66.9856413042249,83.3,0.0,0.25
173,Fruit_stone,4.0,15.219228949945,15.8,0.0,0.25
174,Fruit_tropical,4.0,63.6021325491428,73.3,0.0,0.25
175,Potatoes,,85.4825248197403,7.6,0.0,0.25
176,Veg_darkgreen,5.0,7.30254950863854,9.5,0.0,0.25
177,Veg_greenpeas,5.0,8.94152558223746,4.3,0.0,0.25
178,Veg_mushroom,5.0,4.18172658468809,62.6,0.0,0.25
179,Veg_other_coarse,5.0,55.937169704039,60.4,0.0,0.25
180,Veg_other_fine,5.0,55.6228442253019,40.1,0.0,0.25
181,Veg_redorange_coarse,5.0,35.6293156621765,63.2,0.0,0.25
182,Veg_redorange_fine,5.0,58.0208837176865,11.0,0.0,0.25
183,Meat_pork_offal,6.0,11.4006798762317,16.8,0.0,0.25
184,Meat_pork_processed,6.0,27.5313752689261,50.6,0.0,0.25
185,Meat_pork_raw,6.0,49.2471426639361,47.7,0.0,0.25
186,Meat_ruminant,6.0,50.515039627682,6.5,0.0,0.25
187,Nuts,7.0,6.05705976188517,0.4,0.0,0.25
188,Seeds,7.0,0.441603534023337,1.3,0.0,0.25
189,Legumes,8.0,3.06,271.7,0.0,0.25
190,Alcohol,,241.442485855727,788.0,0.0,0.25
191,Coffee_tea_cocoa,,765.994878325908,28.4,0.0,0.25
192,Egg,,24.9672535305872,5.4,0.0,0.25
193,Fat_animal,,12.2472415498424,20.5,0.0,0.25
194,Fat_plant,,28.0416328686588,32.5,0.0,0.25
195,Meat_poultry,,29.0020243924439,106.2,0.0,0.25
196,Replacer_meat_dairy,,1.20017322435697,1.2,0.0,0.25
197,Soda,,190.083267280989,197.0,0.0,0.25
198,Spices_miscellaneous,,21.8212718851534,0.0,0.0,0.25
199,Water,,1221.01509371654,1171.5,0.0,0.25
200,Bread_rye,1.0,64.3214138169407,99.8,0.25,0.25
201,Bread_wheat_coarse,1.0,34.3722328092571,45.7,0.25,0.25
202,Bread_wheat_fine,1.0,51.3582512086115,72.8,0.25,0.25
203,Breakfastcereals,1.0,6.40876221981927,6.8,0.25,0.25
204,Discretionary_foods,1.0,57.8180503622414,65.8,0.25,0.25
205,Flour_kernels,1.0,24.802455439947,35.3,0.25,0.25
206,Oats,1.0,14.5261640762295,19.4,0.25,0.25
207,Pasta,1.0,8.11542000546066,9.2,0.25,0.25
208,Rice,1.0,6.54718536425384,7.0,0.25,0.25
209,Cheese_fresh,2.0,6.52183371875592,6.2,0.25,0.25
210,Cheese_other,2.0,38.6973569484548,8.9,0.25,0.25
211,Dairy_fermented,2.0,30.6551698946953,31.2,0.25,0.25
212,Dairy_other,2.0,16.67,12.9,0.25,0.25
213,Milk_highfat,2.0,110.01,116.1,0.25,0.25
214,Milk_lowfat,2.0,162.81288340884,186.9,0.25,0.25
215,Fish_fatty,3.0,16.7881573230695,22.5,0.25,0.25
216,Fish_lean_highclimate,3.0,9.05882738179107,8.0,0.25,0.25
217,Fish_lean_lowmediumclimate,3.0,9.99451177443916,14.8,0.25,0.25
218,Fruit_berry,4.0,15.2527109490058,15.9,0.25,0.25
219,Fruit_citrus,4.0,19.3344139165275,19.9,0.25,0.25
220,Fruit_dried,4.0,3.20122273516868,3.3,0.25,0.25
221,Fruit_juice,4.0,59.2189094830217,54.0,0.25,0.25
222,Fruit_pome,4.0,66.9856413042249,77.5,0.25,0.25
223,Fruit_stone,4.0,15.219228949945,15.5,0.25,0.25
224,Fruit_tropical,4.0,63.6021325491428,63.5,0.25,0.25
225,Potatoes,,85.4825248197403,7.7,0.25,0.25
226,Veg_darkgreen,5.0,7.30254950863854,9.4,0.25,0.25
227,Veg_greenpeas,5.0,8.94152558223746,4.3,0.25,0.25
228,Veg_mushroom,5.0,4.18172658468809,59.8,0.25,0.25
229,Veg_other_coarse,5.0,55.937169704039,54.6,0.25,0.25
230,Veg_other_fine,5.0,55.6228442253019,39.3,0.25,0.25
231,Veg_redorange_coarse,5.0,35.6293156621765,55.0,0.25,0.25
232,Veg_redorange_fine,5.0,58.0208837176865,12.2,0.25,0.25
233,Meat_pork_offal,6.0,11.4006798762317,15.5,0.25,0.25
234,Meat_pork_processed,6.0,27.5313752689261,50.5,0.25,0.25
235,Meat_pork_raw,6.0,49.2471426639361,0.0,0.25,0.25
236,Meat_ruminant,6.0,50.515039627682,6.7,0.25,0.25
237,Nuts,7.0,6.05705976188517,0.4,0.25,0.25
238,Seeds,7.0,0.441603534023337,1.3,0.25,0.25
239,Legumes,8.0,3.06,195.1,0.25,0.25
240,Alcohol,,241.442485855727,513.7,0.25,0.25
241,Coffee_tea_cocoa,,765.994878325908,36.4,0.25,0.25
242,Egg,,24.9672535305872,6.3,0.25,0.25
243,Fat_animal,,12.2472415498424,20.9,0.25,0.25
244,Fat_plant,,28.0416328686588,31.6,0.25,0.25
245,Meat_poultry,,29.0020243924439,109.2,0.25,0.25
246,Replacer_meat_dairy,,1.20017322435697,1.2,0.25,0.25
247,Soda,,190.083267280989,177.6,0.25,0.25
248,Spices_miscellaneous,,21.8212718851534,0.0,0.25,0.25
249,Water,,1221.01509371654,1121.9,0.25,0.25
250,Bread_rye,1.0,64.3214138169407,98.7,0.5,0.25
251,Bread_wheat_coarse,1.0,34.3722328092571,61.4,0.5,0.25
252,Bread_wheat_fine,1.0,51.3582512086115,105.0,0.5,0.25
253,Breakfastcereals,1.0,6.40876221981927,6.4,0.5,0.25
254,Discretionary_foods,1.0,57.8180503622414,64.1,0.5,0.25
255,Flour_kernels,1.0,24.802455439947,46.6,0.5,0.25
256,Oats,1.0,14.5261640762295,30.1,0.5,0.25
257,Pasta,1.0,8.11542000546066,10.2,0.5,0.25
258,Rice,1.0,6.54718536425384,6.1,0.5,0.25
259,Cheese_fresh,2.0,6.52183371875592,3.7,0.5,0.25
260,Cheese_other,2.0,38.6973569484548,0.0,0.5,0.25
261,Dairy_fermented,2.0,30.6551698946953,32.6,0.5,0.25
262,Dairy_other,2.0,16.67,1.0,0.5,0.25
263,Milk_highfat,2.0,110.01,140.9,0.5,0.25
264,Milk_lowfat,2.0,162.81288340884,241.1,0.5,0.25
265,Fish_fatty,3.0,16.7881573230695,30.9,0.5,0.25
266,Fish_lean_highclimate,3.0,9.05882738179107,0.0,0.5,0.25
267,Fish_lean_lowmediumclimate,3.0,9.99451177443916,24.5,0.5,0.25
268,Fruit_berry,4.0,15.2527109490058,14.5,0.5,0.25
269,Fruit_citrus,4.0,19.3344139165275,21.0,0.5,0.25
270,Fruit_dried,4.0,3.20122273516868,3.3,0.5,0.25
271,Fruit_juice,4.0,59.2189094830217,23.7,0.5,0.25
272,Fruit_pome,4.0,66.9856413042249,104.1,0.5,0.25
273,Fruit_stone,4.0,15.219228949945,16.9,0.5,0.25
274,Fruit_tropical,4.0,63.6021325491428,13.9,0.5,0.25
275,Potatoes,,85.4825248197403,8.3,0.5,0.25
276,Veg_darkgreen,5.0,7.30254950863854,9.4,0.5,0.25
277,Veg_greenpeas,5.0,8.94152558223746,4.0,0.5,0.25
278,Veg_mushroom,5.0,4.18172658468809,69.5,0.5,0.25
279,Veg_other_coarse,5.0,55.937169704039,47.5,0.5,0.25
280,Veg_other_fine,5.0,55.6228442253019,56.5,0.5,0.25
281,Veg_redorange_coarse,5.0,35.6293156621765,31.6,0.5,0.25
282,Veg_redorange_fine,5.0,58.0208837176865,5.4,0.5,0.25
283,Meat_pork_offal,6.0,11.4006798762317,0.0,0.5,0.25
284,Meat_pork_processed,6.0,27.5313752689261,0.0,0.5,0.25
285,Meat_pork_raw,6.0,49.2471426639361,0.0,0.5,0.25
286,Meat_ruminant,6.0,50.515039627682,11.6,0.5,0.25
287,Nuts,7.0,6.05705976188517,0.5,0.5,0.25
288,Seeds,7.0,0.441603534023337,1.4,0.5,0.25
289,Legumes,8.0,3.06,0.0,0.5,0.25
290,Alcohol,,241.442485855727,0.0,0.5,0.25
291,Coffee_tea_cocoa,,765.994878325908,53.0,0.5,0.25
292,Egg,,24.9672535305872,0.0,0.5,0.25
293,Fat_animal,,12.2472415498424,38.9,0.5,0.25
294,Fat_plant,,28.0416328686588,0.0,0.5,0.25
295,Meat_poultry,,29.0020243924439,178.2,0.5,0.25
296,Replacer_meat_dairy,,1.20017322435697,1.2,0.5,0.25
297,Soda,,190.083267280989,0.0,0.5,0.25
298,Spices_miscellaneous,,21.8212718851534,0.0,0.5,0.25
299,Water,,1221.01509371654,1195.2,0.5,0.25
300,Bread_rye,1.0,64.3214138169407,97.4,0.0,0.5
301,Bread_wheat_coarse,1.0,34.3722328092571,40.5,0.0,0.5
302,Bread_wheat_fine,1.0,51.3582512086115,58.4,0.0,0.5
303,Breakfastcereals,1.0,6.40876221981927,6.7,0.0,0.5
304,Discretionary_foods,1.0,57.8180503622414,48.0,0.0,0.5
305,Flour_kernels,1.0,24.802455439947,30.6,0.0,0.5
306,Oats,1.0,14.5261640762295,17.7,0.0,0.5
307,Pasta,1.0,8.11542000546066,8.7,0.0,0.5
308,Rice,1.0,6.54718536425384,6.8,0.0,0.5
309,Cheese_fresh,2.0,6.52183371875592,6.3,0.0,0.5
310,Cheese_other,2.0,38.6973569484548,10.4,0.0,0.5
311,Dairy_fermented,2.0,30.6551698946953,30.3,0.0,0.5
312,Dairy_other,2.0,16.67,12.5,0.0,0.5
313,Milk_highfat,2.0,110.01,105.6,0.0,0.5
314,Milk_lowfat,2.0,162.81288340884,184.2,0.0,0.5
315,Fish_fatty,3.0,16.7881573230695,22.8,0.0,0.5
316,Fish_lean_highclimate,3.0,9.05882738179107,10.3,0.0,0.5
317,Fish_lean_lowmediumclimate,3.0,9.99451177443916,12.7,0.0,0.5
318,Fruit_berry,4.0,15.2527109490058,16.7,0.0,0.5
319,Fruit_citrus,4.0,19.3344139165275,21.2,0.0,0.5
320,Fruit_dried,4.0,3.20122273516868,3.3,0.0,0.5
321,Fruit_juice,4.0,59.2189094830217,72.1,0.0,0.5
322,Fruit_pome,4.0,66.9856413042249,92.6,0.0,0.5
323,Fruit_stone,4.0,15.219228949945,16.4,0.0,0.5
324,Fruit_tropical,4.0,63.6021325491428,83.9,0.0,0.5
325,Potatoes,,85.4825248197403,7.7,0.0,0.5
326,Veg_darkgreen,5.0,7.30254950863854,9.6,0.0,0.5
327,Veg_greenpeas,5.0,8.94152558223746,4.4,0.0,0.5
328,Veg_mushroom,5.0,4.18172658468809,71.4,0.0,0.5
329,Veg_other_coarse,5.0,55.937169704039,71.2,0.0,0.5
330,Veg_other_fine,5.0,55.6228442253019,43.5,0.0,0.5
331,Veg_redorange_coarse,5.0,35.6293156621765,74.5,0.0,0.5
332,Veg_redorange_fine,5.0,58.0208837176865,10.9,0.0,0.5
333,Meat_pork_offal,6.0,11.4006798762317,17.0,0.0,0.5
334,Meat_pork_processed,6.0,27.5313752689261,49.8,0.0,0.5
335,Meat_pork_raw,6.0,49.2471426639361,47.2,0.0,0.5
336,Meat_ruminant,6.0,50.515039627682,7.4,0.0,0.5
337,Nuts,7.0,6.05705976188517,0.5,0.0,0.5
338,Seeds,7.0,0.441603534023337,1.3,0.0,0.5
339,Legumes,8.0,3.06,277.8,0.0,0.5
340,Alcohol,,241.442485855727,783.3,0.0,0.5
341,Coffee_tea_cocoa,,765.994878325908,27.8,0.0,0.5
342,Egg,,24.9672535305872,5.6,0.0,0.5
343,Fat_animal,,12.2472415498424,20.1,0.0,0.5
344,Fat_plant,,28.0416328686588,31.8,0.0,0.5
345,Meat_poultry,,29.0020243924439,101.4,0.0,0.5
346,Replacer_meat_dairy,,1.20017322435697,1.2,0.0,0.5
347,Soda,,190.083267280989,199.3,0.0,0.5
348,Spices_miscellaneous,,21.8212718851534,0.4,0.0,0.5
349,Water,,1221.01509371654,1178.3,0.0,0.5
350,Bread_rye,1.0,64.3214138169407,88.2,0.25,0.5
351,Bread_wheat_coarse,1.0,34.3722328092571,45.2,0.25,0.5
352,Bread_wheat_fine,1.0,51.3582512086115,71.0,0.25,0.5
353,Breakfastcereals,1.0,6.40876221981927,6.8,0.25,0.5
354,Discretionary_foods,1.0,57.8180503622414,67.7,0.25,0.5
355,Flour_kernels,1.0,24.802455439947,33.1,0.25,0.5
356,Oats,1.0,14.5261640762295,19.3,0.25,0.5
357,Pasta,1.0,8.11542000546066,9.1,0.25,0.5
358,Rice,1.0,6.54718536425384,7.0,0.25,0.5
359,Cheese_fresh,2.0,6.52183371875592,6.2,0.25,0.5
360,Cheese_other,2.0,38.6973569484548,6.2,0.25,0.5
361,Dairy_fermented,2.0,30.6551698946953,31.1,0.25,0.5
362,Dairy_other,2.0,16.67,12.5,0.25,0.5
363,Milk_highfat,2.0,110.01,116.2,0.25,0.5
364,Milk_lowfat,2.0,162.81288340884,189.1,0.25,0.5
365,Fish_fatty,3.0,16.7881573230695,25.8,0.25,0.5
366,Fish_lean_highclimate,3.0,9.05882738179107,8.1,0.25,0.5
367,Fish_lean_lowmediumclimate,3.0,9.99451177443916,15.9,0.25,0.5
368,Fruit_berry,4.0,15.2527109490058,16.7,0.25,0.5
369,Fruit_citrus,4.0,19.3344139165275,21.4,0.25,0.5
370,Fruit_dried,4.0,3.20122273516868,3.3,0.25,0.5
371,Fruit_juice,4.0,59.2189094830217,72.0,0.25,0.5
372,Fruit_pome,4.0,66.9856413042249,94.5,0.25,0.5
373,Fruit_stone,4.0,15.219228949945,16.5,0.25,0.5
374,Fruit_tropical,4.0,63.6021325491428,78.2,0.25,0.5
375,Potatoes,,85.4825248197403,7.7,0.25,0.5
376,Veg_darkgreen,5.0,7.30254950863854,9.5,0.25,0.5
377,Veg_greenpeas,5.0,8.94152558223746,4.4,0.25,0.5
378,Veg_mushroom,5.0,4.18172658468809,70.8,0.25,0.5
379,Veg_other_coarse,5.0,55.937169704039,67.9,0.25,0.5
380,Veg_other_fine,5.0,55.6228442253019,43.4,0.25,0.5
381,Veg_redorange_coarse,5.0,35.6293156621765,68.9,0.25,0.5
382,Veg_redorange_fine,5.0,58.0208837176865,11.7,0.25,0.5
383,Meat_pork_offal,6.0,11.4006798762317,15.3,0.25,0.5
384,Meat_pork_processed,6.0,27.5313752689261,45.8,0.25,0.5
385,Meat_pork_raw,6.0,49.2471426639361,0.0,0.25,0.5
386,Meat_ruminant,6.0,50.515039627682,8.2,0.25,0.5
387,Nuts,7.0,6.05705976188517,0.5,0.25,0.5
388,Seeds,7.0,0.441603534023337,1.3,0.25,0.5
389,Legumes,8.0,3.06,174.1,0.25,0.5
390,Alcohol,,241.442485855727,408.7,0.25,0.5
391,Coffee_tea_cocoa,,765.994878325908,35.6,0.25,0.5
392,Egg,,24.9672535305872,6.1,0.25,0.5
393,Fat_animal,,12.2472415498424,23.6,0.25,0.5
394,Fat_plant,,28.0416328686588,29.4,0.25,0.5
395,Meat_poultry,,29.0020243924439,98.6,0.25,0.5
396,Replacer_meat_dairy,,1.20017322435697,1.2,0.25,0.5
397,Soda,,190.083267280989,175.9,0.25,0.5
398,Spices_miscellaneous,,21.8212718851534,0.2,0.25,0.5
399,Water,,1221.01509371654,1175.7,0.25,0.5
400,Bread_rye,1.0,64.3214138169407,85.8,0.5,0.5
401,Bread_wheat_coarse,1.0,34.3722328092571,64.1,0.5,0.5
402,Bread_wheat_fine,1.0,51.3582512086115,110.8,0.5,0.5
403,Breakfastcereals,1.0,6.40876221981927,6.1,0.5,0.5
404,Discretionary_foods,1.0,57.8180503622414,52.4,0.5,0.5
405,Flour_kernels,1.0,24.802455439947,50.3,0.5,0.5
406,Oats,1.0,14.5261640762295,33.4,0.5,0.5
407,Pasta,1.0,8.11542000546066,10.3,0.5,0.5
408,Rice,1.0,6.54718536425384,5.7,0.5,0.5
409,Cheese_fresh,2.0,6.52183371875592,2.7,0.5,0.5
410,Cheese_other,2.0,38.6973569484548,0.0,0.5,0.5
411,Dairy_fermented,2.0,30.6551698946953,31.7,0.5,0.5
412,Dairy_other,2.0,16.67,0.0,0.5,0.5
413,Milk_highfat,2.0,110.01,130.2,0.5,0.5
414,Milk_lowfat,2.0,162.81288340884,222.0,0.5,0.5
415,Fish_fatty,3.0,16.7881573230695,30.3,0.5,0.5
416,Fish_lean_highclimate,3.0,9.05882738179107,0.0,0.5,0.5
417,Fish_lean_lowmediumclimate,3.0,9.99451177443916,26.1,0.5,0.5
418,Fruit_berry,4.0,15.2527109490058,15.7,0.5,0.5
419,Fruit_citrus,4.0,19.3344139165275,23.5,0.5,0.5
420,Fruit_dried,4.0,3.20122273516868,3.3,0.5,0.5
421,Fruit_juice,4.0,59.2189094830217,32.1,0.5,0.5
422,Fruit_pome,4.0,66.9856413042249,141.9,0.5,0.5
423,Fruit_stone,4.0,15.219228949945,18.6,0.5,0.5
424,Fruit_tropical,4.0,63.6021325491428,10.1,0.5,0.5
425,Potatoes,,85.4825248197403,8.8,0.5,0.5
426,Veg_darkgreen,5.0,7.30254950863854,10.0,0.5,0.5
427,Veg_greenpeas,5.0,8.94152558223746,3.8,0.5,0.5
428,Veg_mushroom,5.0,4.18172658468809,86.6,0.5,0.5
429,Veg_other_coarse,5.0,55.937169704039,61.0,0.5,0.5
430,Veg_other_fine,5.0,55.6228442253019,67.7,0.5,0.5
431,Veg_redorange_coarse,5.0,35.6293156621765,36.8,0.5,0.5
432,Veg_redorange_fine,5.0,58.0208837176865,1.6,0.5,0.5
433,Meat_pork_offal,6.0,11.4006798762317,0.0,0.5,0.5
434,Meat_pork_processed,6.0,27.5313752689261,0.0,0.5,0.5
435,Meat_pork_raw,6.0,49.2471426639361,0.0,0.5,0.5
436,Meat_ruminant,6.0,50.515039627682,15.2,0.5,0.5
437,Nuts,7.0,6.05705976188517,0.5,0.5,0.5
438,Seeds,7.0,0.441603534023337,1.5,0.5,0.5
439,Legumes,8.0,3.06,0.0,0.5,0.5
440,Alcohol,,241.442485855727,0.0,0.5,0.5
441,Coffee_tea_cocoa,,765.994878325908,54.5,0.5,0.5
442,Egg,,24.9672535305872,0.0,0.5,0.5
443,Fat_animal,,12.2472415498424,40.6,0.5,0.5
444,Fat_plant,,28.0416328686588,0.0,0.5,0.5
445,Meat_poultry,,29.0020243924439,149.8,0.5,0.5
446,Replacer_meat_dairy,,1.20017322435697,1.2,0.5,0.5
447,Soda,,190.083267280989,0.0,0.5,0.5
448,Spices_miscellaneous,,21.8212718851534,0.0,0.5,0.5
449,Water,,1221.01509371654,1399.8,0.5,0.5
